Area,Recruited,Conditions pending,Deferred,Received an offer,Awaiting provider decisions,Unsuccessful,Total
East of England,34,1097,15,108,715,3041,5010
East Midlands,49,771,10,86,582,3046,4544
London,84,1815,8,324,3655,10715,16601
North East,17,621,2,59,496,2133,3328
North West,88,2193,17,245,1363,6247,10153
South East,126,1603,19,191,1533,5111,8583
South West,128,1106,4,152,838,3449,5677
West Midlands,75,1312,6,151,1463,4734,7741
Yorkshire and The Humber,9,1635,19,172,1212,4933,7980
